1,5,1,619,10,8,2974600
3,3,2,13468,2,3,199360
5,2,2,41015,4,1,351880
2,5,2,32125,6,6,1101720
5,5,2,44232,10,3,2116020
4,9,4,44232,4,0,354020
2,4,0,96615,10,5,2262080
2,2,0,18548,4,5,587780
1,6,1,28553,6,8,1380000
2,2,1,85996,6,9,1541320
2,8,1,81478,4,9,1150460
4,1,0,14427,10,9,2833360
1,8,0,37221,10,8,2659380
4,2,4,38839,10,3,2114140
1,3,0,59494,2,4,249860
1,6,0,35112,6,7,1226700
5,2,3,50504,2,6,462960
4,1,1,25001,6,2,779500
5,7,5,24164,6,8,1398780
2,3,0,25536,4,0,336340
3,9,3,8042,10,9,2860360
6,6,4,77644,4,8,991580
2,1,0,66394,4,2,368520
4,2,1,17979,2,6,464120
2,8,2,58391,2,8,743420
2,2,2,27085,10,8,2658380
1,2,0,35041,10,2,2050700
3,7,0,43875,2,8,741060
2,9,0,75448,4,3,430160
4,5,0,28269,10,1,2032580
1,3,0,93749,2,1,98640
1,9,0,69565,10,1,2028380
2,3,0,34494,10,5,2264300
2,1,0,72553,2,3,178260
1,9,1,4182,10,8,2705320
1,1,0,98040,4,6,685540
3,3,0,96701,4,5,582560
3,1,0,13850,4,9,1151940
2,1,1,12317,4,7,833740
4,9,1,96979,2,1,115560
4,3,1,78425,4,0,337060
2,3,2,42616,4,9,1147200
3,4,2,38855,4,5,591140
2,9,0,72411,2,7,590260
1,5,1,40723,4,9,1146420
4,5,2,21810,2,6,468680
6,3,3,36140,10,8,2668040
5,5,3,20609,2,3,203200
1,4,0,58039,4,7,821440
2,5,0,11876,2,9,918340
4,1,1,33664,4,8,977440
1,4,0,90847,10,1,2020200
2,3,0,23780,10,3,2106920
1,3,1,43453,6,3,823100
2,7,2,72150,4,0,341280
5,5,4,49879,6,2,789500
2,5,1,28728,4,2,380460
5,9,1,89080,6,0,747740
6,6,1,46792,10,6,2387280
4,7,3,52998,4,3,438280
4,4,1,57771,2,4,259460
1,2,1,38963,4,2,372140
2,9,2,39756,4,1,356540
3,9,1,30864,4,1,357980
1,9,0,81527,6,7,1227960
4,9,4,17224,4,4,521120
5,7,4,39707,6,1,763540
3,4,0,55818,10,8,2655580
5,7,0,91210,4,8,982700
2,8,2,46990,2,8,744260
1,7,0,24157,6,0,740780
6,1,4,71367,4,7,834300
2,2,1,72063,10,0,2011780
5,1,4,14903,6,8,1392920
4,2,2,86537,2,3,187320
3,3,0,63250,10,5,2263660
4,2,3,17293,6,1,758560
5,7,2,84915,6,0,746860
6,4,2,9066,4,8,1004060
1,8,1,8991,2,6,478240
5,4,5,65288,10,9,2839060
6,1,2,63085,4,5,590680
3,5,1,29402,4,2,382300
6,2,3,50776,10,5,2274940
1,2,0,49777,4,2,369020
1,1,0,80908,6,5,975980
2,6,2,23825,2,8,745400
5,6,3,54567,6,4,908660
4,7,0,62791,4,7,831680
3,5,1,66079,10,9,2828520
2,3,0,7827,4,4,514060
1,8,0,99573,6,1,746000
5,1,4,72774,4,4,502240
5,4,5,98016,4,5,598040
5,3,3,32668,4,7,836620
1,3,1,3140,6,8,1432200
1,6,0,21515,2,2,140300
6,2,3,28001,2,8,748140
3,8,0,5839,10,3,2142260
3,6,1,66157,4,7,830020
1,9,0,10966,10,5,2283740
6,3,1,45250,10,1,2032920
5,5,3,84189,2,3,195880
5,6,0,67838,2,3,191940
3,4,0,63578,10,8,2655140
2,8,2,60531,6,3,833300
6,3,3,80733,6,5,994980
2,8,1,8569,6,4,921340
5,4,5,15589,10,3,2128820
4,9,2,20748,6,7,1245140
2,7,2,37682,10,7,2513800
3,9,1,79821,10,7,2514000
1,8,1,23613,2,6,464460
6,7,2,20591,10,3,2126220
4,7,4,88557,10,4,2188760
5,9,5,59803,4,8,996840
2,7,1,39868,10,2,2061520
3,6,1,24792,6,7,1235060
4,4,4,71974,2,6,464780
2,4,1,72047,6,1,744780
4,4,1,90478,2,6,458220
4,3,1,77010,10,0,2017100
5,2,5,17788,2,8,754240
5,6,1,90805,10,7,2513200
3,8,3,43376,10,9,2838620
4,5,0,18642,4,7,836220
3,7,0,69807,2,1,109360
4,5,4,55606,4,1,357100
2,1,0,41295,2,0,90340
6,9,3,41197,4,2,396360
4,2,0,71220,2,5,343800
6,6,0,38245,6,3,836220
3,8,2,79727,4,5,594500
3,5,0,80414,6,0,735980
4,2,4,85547,6,5,991340
1,5,0,83056,10,3,2101900
6,4,1,69209,2,0,102880
5,5,5,13075,10,2,2082800
2,4,0,61420,4,2,373260
1,6,0,19183,6,8,1381420
1,4,0,21627,6,5,987240
3,1,2,14004,10,4,2185780
6,4,3,72073,10,6,2386780
4,5,2,90393,4,9,1151720
6,7,0,62847,2,1,115680
2,5,2,29855,4,4,502200
2,7,0,93271,6,8,1376640
1,1,1,63685,6,4,888640
5,7,1,40096,2,5,357480
2,5,1,58964,2,3,186900
1,8,1,32688,10,3,2112120
2,3,2,24058,10,0,2020820
3,2,0,9293,2,0,110520
5,8,2,43680,4,2,390580
6,5,1,8124,10,0,2046120
6,3,2,35600,10,3,2116120
2,3,1,4299,6,5,1027020
2,3,2,44556,6,2,776980
6,9,0,28303,2,4,272560
6,7,3,67020,4,1,361480
5,6,5,41534,6,5,1003820
3,3,1,30706,10,3,2109020
6,2,1,3746,2,9,960400
3,9,2,83149,10,5,2275900
4,2,1,7523,6,6,1119580
3,1,1,55785,10,6,2373080
2,4,0,16853,2,1,111860
5,6,3,98085,2,3,197040
6,1,0,73008,6,0,736240
3,2,3,49440,6,9,1549040
2,1,0,36696,10,1,2020960
2,3,0,20159,10,7,2508420
3,8,2,36425,10,3,2117500
3,5,1,32077,6,3,831740
2,7,0,69874,10,0,2017360
5,9,2,80440,2,1,119980
5,6,0,41643,6,5,993800
2,3,2,90414,2,7,584720
6,8,1,98256,2,3,198040
1,7,1,84146,6,5,986880
6,4,4,52325,4,1,359820
1,2,1,10145,10,6,2386720
3,4,3,73038,2,0,100740
1,6,0,81935,2,7,583440
3,8,1,26142,6,8,1387660
5,5,4,53099,10,3,2119260
2,5,2,92455,4,6,697660
3,6,1,41479,2,6,461820
1,2,1,3665,2,5,391580
6,3,1,92591,6,5,990660
1,9,0,87635,6,1,747780
6,2,3,43639,2,8,745580
4,5,2,73013,10,9,2832240
5,6,3,95382,6,9,1557100
3,8,2,81571,10,6,2384460
5,2,3,69757,4,7,831860
4,5,3,80987,10,8,2663960
4,2,0,47963,2,4,255160
6,1,0,93281,4,5,585640
4,3,2,1586,2,7,712600
6,3,3,81955,2,5,354940
4,9,0,62934,10,2,2064680
1,7,1,71620,6,1,747300
4,3,3,12952,6,1,763940
3,2,3,28881,6,3,831920
1,6,0,4423,4,6,736220
2,6,0,4279,6,6,1139740
4,3,1,62946,2,9,907680
1,3,0,73973,6,3,819200
2,1,2,78501,10,2,2052040
3,2,0,3846,10,6,2421000
6,8,2,65125,2,4,271080
1,1,1,50158,4,5,579480
1,6,0,36327,2,1,106500
5,8,3,29478,6,3,844780
1,1,0,1687,4,2,482060
3,2,3,4349,10,4,2220980
3,6,0,39454,6,8,1380060
5,9,0,48023,10,9,2837660
6,6,5,37882,6,0,756280
2,9,2,98626,6,0,743520
1,1,1,66306,10,3,2098520
1,7,1,67926,2,3,187440
2,2,1,89812,6,3,821220
1,3,0,9493,4,1,357560
1,8,1,11730,6,6,1113060
4,2,2,49578,6,9,1549040
1,7,0,52673,4,1,346300
1,1,1,46270,6,6,1089820
1,5,0,69919,4,9,1142360
5,7,4,13082,2,3,213780
6,6,0,47245,10,0,2025240
6,1,6,84160,2,8,747880
6,5,0,63207,10,4,2182660
4,6,2,42208,4,5,595740
6,5,6,85722,6,4,913840
3,8,2,80365,2,5,354480
3,4,3,75803,6,9,1550640
2,5,0,7834,2,9,927020
6,2,5,24281,4,3,443240
3,6,0,66082,10,7,2508020
2,4,1,24282,10,6,2380240
4,4,3,43493,6,2,784600
5,6,3,66229,10,7,2518020
6,8,0,36619,2,3,199460
1,3,1,96509,6,8,1370580
2,6,0,89022,4,3,425240
2,7,0,39167,2,1,109600
3,1,0,90770,10,2,2049700
5,5,4,56134,2,0,109060
1,1,1,90377,10,5,2257720
6,6,3,85756,4,2,389340
1,3,0,27198,4,2,373860
5,1,2,67868,10,3,2108440
5,9,2,57676,6,3,840960
2,3,1,33911,2,0,96400
1,1,1,96648,6,7,1217560
1,1,1,63557,4,3,418640
1,6,0,20265,4,2,380860
4,6,4,59707,6,1,758340
5,3,0,75015,2,4,257160
6,5,4,4183,4,2,435320
4,5,2,40739,10,7,2514400
4,1,4,86632,2,8,739800
6,1,3,25544,4,7,837320
5,4,0,46126,2,5,350340
2,5,2,50015,6,1,749500
3,5,0,35123,2,9,909200
3,7,0,48794,2,1,110600
4,1,2,36583,10,9,2828960
5,8,2,73307,2,9,918720
3,4,1,63797,10,7,2507140
1,9,1,62171,10,5,2270720
5,8,1,61975,6,7,1237220
4,5,4,9039,10,9,2855620
5,2,5,53499,10,3,2116740
1,4,0,44039,4,9,1142540
1,5,1,3081,10,3,2166420
6,6,0,71514,10,9,2833800
2,6,2,61586,6,8,1380240
1,4,1,83198,2,9,902400
3,1,0,39228,10,8,2652600
4,1,3,76742,2,0,98100
6,3,0,67329,10,1,2029480
6,3,5,13142,6,6,1121720
2,9,0,7486,6,5,1014220
3,8,1,87146,6,9,1552300
3,8,0,24505,6,2,786160
5,8,0,29806,10,8,2668720
3,2,3,50778,10,9,2828940
4,5,1,52976,10,1,2031280
4,4,1,55966,2,8,739580
6,6,4,43069,6,7,1243640
4,6,1,28960,6,7,1235900
1,7,0,64015,6,7,1225620
6,1,5,96083,4,2,385580
4,3,3,80264,10,6,2381000
6,1,6,92787,10,4,2187660
1,9,1,89136,10,5,2269740
2,6,1,69733,4,1,347860
6,2,0,92524,2,7,587160
4,1,1,42594,4,9,1146200
1,2,1,73183,6,9,1539740
5,2,4,11804,6,2,797940
5,4,1,46765,6,3,832280
1,5,1,12616,10,0,2027360
6,8,2,86125,10,8,2670320
1,5,0,82938,4,8,971920
3,4,3,74770,10,2,2060680
6,8,4,19287,10,5,2292360
4,3,2,45302,2,6,460920
2,3,0,92956,2,0,90660
6,5,5,11797,2,8,766460
1,9,1,74343,10,7,2510200
5,7,0,15808,6,9,1563160
2,7,2,26387,6,1,756080
5,6,1,41492,2,6,465820
3,2,1,39882,10,0,2016020
5,1,2,99874,10,1,2027500
4,7,3,56451,4,2,388040
3,4,3,52960,10,8,2661780
2,9,1,44724,10,4,2183980
4,4,0,95375,4,6,696100
2,7,0,12541,2,9,920440
3,3,0,78904,10,0,2013040
3,9,0,89790,6,7,1231720
1,2,1,11176,6,2,784900
4,6,0,41531,10,5,2271820
6,2,5,31746,6,4,911300
1,9,1,68352,2,8,740420
1,4,0,16258,6,6,1100300
1,6,0,72224,2,7,583760
4,6,0,14471,10,4,2190820
2,9,2,38094,10,9,2836760
1,9,1,80373,2,0,99980
6,4,1,520,10,6,2764620
6,9,4,41223,2,2,158360
3,6,3,9430,10,7,2532200
1,6,1,16382,6,6,1105200
1,5,1,87459,2,9,903780
2,7,0,86435,10,1,2026820
3,6,0,70526,10,4,2177840
5,4,3,84394,10,1,2034360
1,5,1,33400,10,9,2827480
3,4,3,76129,2,9,910620
6,7,0,46811,4,6,706780
4,9,3,47350,6,2,791720
2,3,0,94043,6,4,890620
3,4,2,28221,2,3,193080
4,3,2,19273,2,3,196880
4,1,1,24715,4,3,429600
5,6,3,18910,4,6,715580
6,6,4,86077,6,4,911320
2,2,1,61997,4,0,332220
3,8,0,84867,6,1,750360
3,6,2,77402,2,5,351580
5,7,3,49045,2,6,470580
4,2,2,29896,4,3,431680
4,5,2,36860,10,4,2184920
6,9,4,3132,2,4,337360
4,2,0,6861,2,5,370160
3,7,3,73371,2,5,355220
2,4,2,26841,6,6,1101460
6,6,3,12419,2,6,483100
2,3,0,78048,10,1,2021060
2,9,2,17413,10,7,2522980
6,7,3,15934,4,2,401060
1,9,0,67231,4,2,378480
6,2,2,79898,6,0,741500
5,6,0,57505,2,7,592480
1,8,1,28842,10,1,2032940
2,6,2,35860,2,5,352580
1,5,1,72743,4,9,1144240
2,7,1,53135,6,9,1550260
6,3,2,37806,6,8,1385800
3,1,3,11274,6,3,841240
1,4,1,30385,10,2,2056580
2,6,1,62457,4,5,588200
2,4,2,38066,4,4,499260
1,4,0,10784,2,3,196540
1,2,0,4342,4,1,381060
1,8,1,75421,4,2,378660
2,8,2,16227,2,2,152320
3,2,2,60853,6,7,1226280
4,2,3,80152,4,3,429500
1,4,0,49045,6,9,1542080
6,4,4,17440,2,1,127460
1,5,0,32898,4,3,425580
4,3,3,26159,6,8,1386140
4,3,4,1654,6,6,1221420
1,5,1,43503,2,2,136100
6,5,4,48697,6,2,791600
1,3,0,7935,4,7,841700
2,4,0,2009,6,3,919560
3,2,3,67298,2,5,347980
3,2,2,27454,4,1,350280
3,3,3,31776,6,8,1382800
3,5,1,34239,6,2,781340
3,1,3,77061,2,9,906100
6,8,3,89026,2,7,602240
4,2,3,95560,2,7,589100
6,6,1,60003,4,5,596340
1,8,1,9984,4,9,1166040
3,1,2,59988,4,3,424840
1,4,0,39877,4,6,693020
3,5,3,81016,6,0,741960
1,8,1,86275,6,1,748320
2,8,1,74558,10,8,2660680
4,9,2,92945,4,3,437660
5,1,4,37021,4,0,344900
2,3,1,94142,10,4,2172620
2,6,1,63951,6,7,1228120
3,9,3,92913,4,0,347660
2,5,1,75756,6,1,746140
3,5,1,94184,2,7,587620
3,8,1,81939,6,3,832440
2,1,2,20582,6,3,829220
5,7,4,16360,4,7,850720
4,3,2,93003,6,2,778660
1,7,1,72536,6,8,1377260
3,1,1,93107,6,7,1221640
3,2,0,57515,4,4,492480
4,4,1,90578,10,5,2268200
3,4,3,63655,2,6,461140
1,2,1,90925,10,1,2019200
5,4,2,65894,2,6,463040
1,8,0,17739,4,7,835280
1,3,1,52963,6,1,742280
4,1,4,36769,10,3,2112940
2,4,2,64581,2,1,107100
1,3,0,12886,4,2,382020
6,4,4,44737,4,0,350480
2,8,2,48503,6,7,1234120
6,5,4,76228,6,9,1560120
1,6,1,3599,6,2,828580
5,3,2,39375,4,0,343580
3,2,3,49738,4,6,699020
3,7,1,49821,2,1,112520
6,5,5,45187,10,1,2043920
1,1,1,46338,10,4,2169820
1,1,0,11104,4,6,701520
1,4,1,72514,10,7,2502760
4,5,2,3731,4,4,553100
5,7,5,78861,6,6,1113040
6,8,2,61587,4,8,991240
6,9,6,22806,6,9,1576260
5,9,5,20712,4,5,613160
5,8,0,1875,10,4,2288660
6,3,1,20669,2,7,598180
5,2,5,40777,6,3,837900
2,8,2,62755,4,1,353180
2,5,0,92998,4,9,1143660
6,4,4,54760,10,2,2069660
3,7,2,16921,4,2,392320
2,6,0,99962,6,9,1545000
3,3,0,88687,4,2,372760
1,6,1,25278,4,7,830920
1,1,0,47711,2,6,447700
1,7,1,38596,4,0,339680
3,5,2,31835,4,8,983780
6,2,1,79124,2,0,99520
4,2,0,17081,4,0,342700
1,4,1,91572,10,2,2052180
6,5,5,75504,2,8,752140
6,9,3,45943,4,0,355860
1,1,0,61772,10,0,2006740
2,1,2,93668,10,5,2261640
3,4,2,11064,10,7,2524080
2,1,0,75905,10,9,2818140
1,5,1,68645,10,7,2504420
2,9,1,48570,6,5,993620
2,2,0,34849,2,1,102740
3,2,3,49535,6,2,779040
5,1,1,22719,4,1,352300
6,9,0,1338,10,7,2664980
1,6,0,29976,4,2,377680
3,1,0,27400,4,9,1144800
1,8,1,96282,10,7,2508080
4,7,3,10471,10,8,2683600
4,9,4,41791,10,6,2394280
3,2,0,55797,4,9,1142580
2,7,0,78163,10,2,2057060
4,1,3,36980,2,0,100900
2,2,2,21731,4,0,340200
6,6,5,50903,6,5,1004920
3,4,0,87529,2,4,254280
6,2,0,8930,10,2,2077400
1,6,1,75393,4,8,975660
4,6,4,9235,4,5,616660
2,7,2,35511,4,7,834140
4,7,3,27249,4,8,991840
6,5,2,20228,2,1,123380
5,6,3,70693,6,8,1387820
1,7,1,84789,6,3,826860
3,6,2,21986,4,8,988100
2,7,1,64882,10,8,2659580
6,2,2,28667,10,5,2275980
6,5,2,3460,10,3,2171300
5,6,2,47974,4,3,437160
3,3,0,51215,4,0,334400
1,7,0,96020,6,3,824580
5,5,0,54380,10,5,2271180
1,2,0,29580,2,6,451760
6,8,1,20150,6,5,1005920
5,6,1,23753,2,6,469420
1,6,0,44694,2,2,135480
5,5,0,99785,2,4,259500
6,6,1,80191,4,1,355500
1,1,1,16853,6,9,1547360
4,3,3,87764,4,5,590780
1,9,0,82709,6,6,1097920
3,2,0,60027,4,1,342340
2,9,2,78047,4,9,1154060
3,4,1,39094,10,2,2059120
2,1,1,20150,10,0,2017420
2,2,2,91808,10,0,2013180
4,6,2,2883,6,4,970380
5,5,2,89917,10,7,2513720
2,9,1,73939,6,5,992200
6,1,3,54516,6,8,1383160
1,8,1,84041,10,7,2508380
1,8,0,40317,4,3,428960
2,2,0,63427,6,9,1540160
2,5,2,81762,2,9,907940
5,9,2,94445,4,2,389620
1,2,0,5750,4,9,1169780
2,5,2,92553,6,9,1547660
4,2,1,79812,2,0,95500
2,4,0,90328,2,7,582220
2,9,0,89503,2,0,99740
6,4,4,91048,4,6,708200
6,7,1,75994,2,1,117140
3,8,0,46929,2,5,352260
1,1,1,8363,6,0,749420
6,8,2,13885,2,5,372400
2,9,1,47139,6,6,1103740
1,9,1,49799,10,0,2021520
5,5,2,52818,10,8,2665280
4,5,2,28206,6,6,1106600
6,5,4,20948,4,2,397040
1,6,1,88437,10,6,2375260
3,9,2,71750,6,9,1556280
1,5,1,17554,4,2,382900
6,9,0,16016,6,8,1397980
6,7,6,18406,4,5,615360
5,3,4,9318,2,6,483960
6,1,0,49111,6,1,747580
3,2,0,87819,10,8,2651280
2,5,2,78070,6,4,898060
4,2,3,19646,2,0,107180
4,4,3,65420,4,2,383060
3,2,2,56925,10,3,2106520
6,5,0,48582,2,0,103620
3,1,2,37931,2,4,256780
3,8,2,93863,4,6,704140
1,4,1,755,4,2,634900
5,9,3,29449,4,3,446300
4,1,1,54136,6,6,1095200
5,4,0,71936,4,4,498780
1,7,1,92883,6,7,1226660
1,2,1,87497,4,4,489280
2,3,0,77601,4,9,1141080
3,8,0,40236,4,8,982980
2,1,1,94808,2,0,89600
4,3,3,15827,2,1,121140
4,7,1,69406,2,3,193380
5,3,1,69201,4,0,339400
4,4,0,7022,6,6,1122480
5,6,4,22339,6,8,1395960
5,5,1,23971,10,2,2067840
1,6,1,63779,6,5,986140
1,3,0,39708,10,3,2101540
3,4,1,11662,4,7,841140
1,8,1,42855,4,5,590660
6,2,5,39538,6,9,1560060
1,6,1,10496,4,8,992060
2,7,1,31573,4,3,432840
2,8,0,41478,2,8,740820
5,7,0,51101,2,4,264420
2,3,0,84424,6,2,770860
2,1,0,19940,10,6,2375540
6,3,2,24024,4,4,508820
2,9,2,37484,6,6,1106840
4,5,4,66969,2,3,196480
5,3,0,27521,6,2,781760
2,7,0,17302,6,1,756060
2,8,1,56156,6,4,901560
3,4,1,30985,6,5,990460
6,9,0,71680,2,2,148300
2,5,1,47997,2,2,137660
2,2,1,62866,6,7,1222180
3,3,2,98661,10,4,2176520
2,4,2,36123,10,7,2509540
1,3,1,18647,2,9,909220
6,4,5,25017,2,3,206000
1,3,0,36521,6,0,731980
6,7,6,1039,2,9,1117000
1,5,1,52323,4,3,425320
5,6,5,49072,6,2,793080
2,6,2,14634,4,3,440660
2,8,1,9648,4,4,518720
1,2,0,11317,4,5,592680
2,4,0,39516,10,2,2055060
5,7,4,85655,10,5,2280840
5,8,3,29177,6,7,1244860
4,9,4,36481,6,8,1394980
3,7,0,94297,10,3,2108620
1,5,0,50748,10,7,2503440
5,2,2,4494,6,1,791500
4,7,2,95545,2,5,354600
1,3,0,72675,2,9,899260
5,2,5,36523,6,0,748480
1,9,1,39294,4,0,342580
2,6,0,90750,10,5,2265200
5,4,5,41207,2,2,150860
2,7,2,62121,2,1,111720
1,7,1,17150,4,0,346160
4,8,3,96693,6,4,908060
1,9,0,35883,10,4,2181080
3,9,1,19534,4,4,511740
2,2,1,73220,2,3,181740
5,6,1,38789,4,3,436160
5,7,2,26441,10,6,2392060
4,4,0,43612,4,1,348580
1,3,0,38930,2,7,581640
1,7,1,27980,4,2,381640
5,7,3,3894,4,7,887860
4,6,4,6431,4,5,626100
5,4,1,90749,2,8,740200
1,6,1,69362,2,7,585880
3,5,1,67897,6,0,738440
5,3,4,41850,2,4,267280
4,1,0,85976,6,3,821820
6,6,4,93781,4,6,711140
3,1,0,30761,10,7,2504000
4,4,0,74734,6,2,776680
3,8,1,44959,4,3,434440
5,7,3,79645,4,1,359020
3,1,2,29253,4,7,828340
5,4,1,75603,2,3,190640
4,3,0,28849,4,9,1149440
1,9,1,30200,2,1,114120
2,5,2,57929,6,6,1098960
3,1,3,84034,4,3,425880
3,5,1,62624,10,3,2108700
3,5,3,12787,10,9,2845140
3,2,1,44529,10,1,2025500
6,2,3,80305,6,2,783500
3,7,1,23083,10,2,2067160
6,8,2,5433,6,8,1424820
1,6,0,98005,2,4,253040
6,5,0,27564,4,2,386760
4,6,1,50574,2,8,742960
6,3,4,39540,4,5,599560
2,1,0,45509,2,4,249900
3,9,2,74247,10,9,2836200
4,8,3,72253,2,5,358760
6,5,1,56981,6,7,1235000
6,3,0,78504,2,3,189040
2,3,1,9928,4,0,350640
6,4,5,94562,6,9,1560120
1,4,1,78905,10,2,2052540
1,3,0,70109,2,1,99360
3,3,1,78041,10,2,2055060
2,9,2,12636,2,4,277320
1,7,0,65532,4,7,825560
6,4,2,91564,4,2,384180
5,1,4,16317,2,4,271760
2,5,0,47894,6,1,745680
4,9,0,80188,4,2,384000
4,8,0,97341,6,7,1232060
5,3,0,74639,10,9,2827180
2,8,0,48791,2,7,590100
1,4,1,18528,4,3,430800
5,1,3,82569,2,8,739920
5,1,2,90697,6,4,897700
6,3,6,76954,6,9,1561100
4,2,0,17273,4,2,382580
3,8,2,90663,6,1,754200
6,8,3,92527,4,9,1162160
4,6,2,38456,2,8,746200
3,3,0,64633,10,6,2373600
3,8,1,9494,4,7,851060
1,2,0,16645,4,5,587020
4,7,0,39169,4,4,503600
1,6,1,25897,10,0,2020720
5,1,4,25594,10,7,2517320
3,7,1,14941,4,4,511880
2,7,1,92491,6,2,778660
2,8,2,7084,4,2,408240
2,1,0,41338,6,3,820340
1,6,0,74568,4,6,693680
5,1,4,61980,6,0,742720
2,5,1,82909,4,7,825920
3,8,1,6311,4,2,411700
4,9,4,15582,2,1,132340
4,1,3,79836,2,8,738000
1,5,1,94853,2,1,103600
1,9,0,87941,10,2,2057780
5,7,5,40868,10,2,2075400
6,9,2,83428,10,4,2191900
6,2,1,1958,6,4,999140
5,6,5,99221,10,4,2191020
2,4,1,91979,4,9,1144180
3,5,0,73715,4,6,696220
4,3,4,19027,2,8,751020
1,5,1,57984,4,6,694940
1,7,0,74597,6,0,735180
2,1,2,40708,2,3,184420
6,6,0,57259,2,5,354500
5,7,2,60481,6,8,1387800
4,9,1,32912,6,1,759580
6,7,2,18238,2,9,927460
2,7,2,81448,6,8,1380960
1,5,1,92559,10,5,2263660
4,2,3,61862,10,3,2110240
3,9,0,15338,10,8,2672540
2,9,0,90308,4,8,979720
1,2,1,99645,10,4,2169000
4,7,4,13124,4,8,1001740
3,2,1,28856,10,6,2377940
6,6,0,26073,4,0,348680
6,4,0,66108,6,8,1381020
5,7,1,64962,2,8,745580
3,3,0,42897,2,2,135160
6,8,6,13293,10,3,2141040
6,6,0,55327,4,3,434620
4,5,1,42750,10,2,2062180
4,2,4,42300,6,7,1233720
4,1,4,64550,2,1,110600
3,8,1,95843,2,9,912080
4,3,0,43057,6,7,1227140
1,7,0,72531,2,6,455260
3,4,3,78769,6,3,830540
1,7,1,30518,6,4,901060
5,5,0,53413,10,6,2381240
2,3,2,85165,2,1,104840
2,3,2,35177,6,7,1228180
3,9,3,80713,6,3,837980
2,1,1,39510,10,6,2372560
5,9,4,75867,6,9,1564140
4,1,3,48196,10,0,2019640
6,3,3,49887,2,4,266500
3,9,0,8724,10,5,2292420
1,3,1,89368,2,3,180740
5,3,3,27670,2,2,147720
5,1,4,36465,4,9,1154980
1,1,1,25358,6,2,773380
6,9,4,97558,6,3,845560
5,3,3,24551,2,6,468640
5,1,1,29029,10,4,2180380
4,6,3,78605,2,6,465540
1,1,1,28467,6,5,982520
4,2,3,89271,2,0,99240
1,2,1,98765,6,7,1219020
6,8,6,19316,4,0,366360
6,6,6,52231,10,1,2046820
3,6,3,43604,4,2,385580
1,9,0,3563,6,3,881640
2,2,1,90057,4,7,821220
5,6,3,5212,6,0,783380
6,1,4,56284,10,4,2185060
3,7,3,86100,10,4,2184820
1,3,0,99771,6,8,1368500
2,6,2,50263,2,7,590980
2,8,2,30417,10,6,2386580
4,9,4,48065,6,6,1113660
3,7,0,33376,2,1,112500
3,4,0,98745,10,0,2014020
4,3,0,40787,4,5,587400
3,1,2,6354,6,4,922980
2,6,2,69943,4,1,349860
2,3,0,6079,2,4,281400
3,5,0,32344,6,6,1099680
2,9,0,24045,6,6,1105820
4,1,1,94497,6,4,893620
2,2,2,89919,6,6,1093220
5,3,0,62971,10,6,2377680
6,6,4,70159,2,9,921860
1,9,1,60169,4,2,380820
3,2,0,61571,10,2,2052240
2,4,1,2154,4,3,514860
4,4,1,12030,10,6,2392620
6,6,0,55806,2,3,194580
6,6,3,30903,6,7,1243480
6,3,2,97387,4,6,702560
3,3,3,34334,6,6,1102320
3,4,3,60888,10,6,2381280
4,9,0,24885,6,6,1109540
3,2,1,4479,4,5,625660
4,3,2,13947,6,6,1110840
3,1,2,5037,4,8,1011200
4,7,1,18447,10,9,2841340
6,3,3,69069,10,2,2065400
4,8,3,70013,10,4,2188860
5,9,2,12445,2,7,613580
4,2,2,65559,2,9,908060
5,6,0,85922,10,5,2271320
3,7,3,24905,10,3,2120540
6,1,0,58706,4,8,976900
4,4,2,23540,6,2,786500
3,5,3,2109,10,2,2154340
6,7,6,43616,2,5,369080
1,5,0,80160,2,5,342000
4,3,3,20917,6,8,1388060
2,5,1,30439,6,1,750080
5,7,0,64344,10,4,2183600
6,6,1,35626,10,9,2838620
6,2,6,65967,10,9,2840040
6,1,1,25247,4,9,1153420
1,8,0,88086,6,9,1546280
5,8,0,79358,10,1,2034520
1,1,1,31299,2,2,131880
1,3,0,17772,10,9,2827760
4,7,0,68833,10,9,2831400
6,2,5,69625,10,2,2067880
3,4,1,3173,2,6,517040
3,7,1,35415,6,6,1104140
1,7,1,69019,2,2,137400
3,1,2,9885,6,7,1241740
4,7,1,55856,6,9,1554080
4,8,2,23199,6,1,762620
6,8,3,52779,4,7,843780
2,8,2,5777,10,3,2144620
5,7,2,13840,10,8,2678960
1,3,0,60774,2,1,99800
6,4,1,67242,2,8,742980
1,2,0,41026,2,1,99880
1,4,1,20547,6,0,739740
5,9,1,75408,4,5,598160
3,1,0,71016,6,2,770320
6,9,3,15526,2,8,764380
1,9,1,58395,4,4,500920
6,2,5,9747,2,0,125520
3,9,0,20394,2,5,359300
3,8,0,84647,10,3,2110360
3,2,2,79502,4,6,695520
3,2,1,33662,2,7,586940
3,1,0,26658,6,2,775000
2,9,2,21721,2,0,110700
3,6,1,37821,6,1,752280
5,5,1,62034,6,0,742720
2,7,0,92278,10,0,2016660
1,4,1,13016,2,6,465360
5,8,2,87393,2,5,358280
2,8,2,36829,4,2,385440
4,7,0,32507,6,8,1384660
4,9,1,25439,4,6,711360
1,3,1,82039,4,7,820940
3,7,3,65840,10,3,2115540
4,4,4,90219,2,5,354220
2,9,1,34662,4,0,345280
1,6,0,40616,4,4,495920
6,3,3,23161,4,1,361140
5,9,3,52175,10,5,2283340
1,3,0,72867,4,6,689240
6,9,0,87872,4,5,597780
6,3,3,1175,6,2,952720
2,2,0,9464,4,7,838140
5,7,0,98317,4,7,832540
5,5,4,58438,6,3,838920
5,9,2,22866,10,2,2076240
5,3,5,51939,10,6,2388360
2,9,0,82111,6,6,1099940
1,5,1,73685,2,6,454220
4,5,3,95736,6,0,743580
3,2,1,96249,10,8,2653080
2,4,0,47098,6,0,734240
3,8,3,97655,6,8,1386040
5,7,2,99530,2,8,746500
5,1,4,3565,10,3,2165600
2,2,2,15792,2,9,913660
1,4,1,70494,2,5,342840
3,6,0,78323,2,9,907560
6,8,2,39103,4,9,1163120
4,4,3,89447,6,3,832240
6,8,1,42494,6,4,910700
1,7,0,47871,6,8,1376680
1,4,0,86520,4,7,820320
4,5,3,72093,10,8,2664280
4,5,2,68777,4,9,1152400
2,8,2,11633,10,3,2127200
2,9,1,76168,4,7,832120
5,7,2,53284,2,2,148260
4,4,4,10245,6,7,1251520
5,8,2,3921,10,9,2887000
6,1,5,27415,6,6,1110800
3,2,0,71528,10,0,2011800
4,4,3,47594,2,1,114200
4,5,3,93492,4,2,383640
2,2,1,84605,2,9,901360
6,1,6,47795,10,4,2189680
6,8,2,81058,4,2,390460
2,1,2,41325,10,9,2824340
5,8,4,16115,6,2,802420
5,6,2,13539,10,6,2397780
4,6,1,40745,4,1,353900
1,7,1,44101,2,2,139040
4,7,0,55640,6,2,782100
6,2,5,89478,4,3,437240
2,8,2,67305,6,3,832980
2,5,0,10428,10,4,2190680
2,7,1,96264,10,9,2828580
6,5,5,64965,6,5,1002580
1,6,1,65840,4,0,336040
3,4,2,89211,10,3,2108240
1,5,1,11174,2,2,149400
5,8,2,84107,10,7,2518380
5,5,1,35547,10,9,2835120
5,5,1,8859,4,8,1002080
1,4,0,93070,2,9,900140
4,9,4,88354,10,7,2521760
2,8,1,88490,4,7,830260
3,1,2,56878,6,1,745020
6,7,0,6811,10,3,2141860
3,5,3,61651,6,0,742740
4,3,1,8854,4,9,1167080
1,5,0,66127,2,7,582520
4,7,0,11850,10,4,2195380
5,8,0,87962,2,7,594280
3,8,3,70425,10,6,2386840
3,7,3,53675,6,7,1236220
2,6,2,8426,2,4,280740
2,3,0,84280,2,2,130880
1,4,0,87024,6,3,820300
2,5,1,94053,2,0,95620
1,7,1,6527,10,9,2855140
6,7,5,12076,6,4,929060
2,7,1,16011,10,5,2279000
1,1,0,8823,10,2,2066160
4,5,4,68768,2,2,146400
3,2,1,79781,10,1,2023500
1,2,1,53512,4,1,340740
3,1,2,66211,4,6,694520
5,9,5,25901,2,6,481220
6,6,2,42376,6,1,759720
3,8,0,2853,6,1,818100
3,1,2,27177,4,3,428860
2,8,1,34292,6,4,903840
3,4,1,80557,2,7,586480
3,3,1,92107,10,9,2824680
5,7,5,57443,6,7,1243980
5,1,1,98564,4,9,1145520
1,1,1,10795,10,7,2514020
5,1,5,59187,4,6,704880
1,7,0,71756,10,9,2825280
1,2,0,33026,6,0,731060
6,2,5,74175,2,9,917700
5,1,4,22013,6,8,1388580
1,9,0,88705,10,5,2267760
2,5,1,71363,2,2,136300
2,4,0,98479,2,1,102040
6,9,6,37417,4,5,612840
5,1,3,58174,10,1,2030940
2,1,0,24468,6,5,983680
2,9,2,48051,4,4,505660
2,1,1,48694,10,6,2371600
2,1,2,81722,10,9,2821940
2,7,0,24433,6,8,1382680
1,2,0,36114,2,0,90540
4,5,2,97196,6,9,1551560
3,7,3,64481,4,0,345600
2,1,0,38383,6,2,770720
4,1,3,86902,10,5,2267800
6,3,5,50680,10,6,2390440
6,5,0,7957,6,3,854640
5,4,3,77647,2,7,594580
3,2,0,11419,10,4,2186520
4,4,3,25218,6,6,1107940
6,7,3,14417,2,2,162380
5,2,2,62350,2,8,740200
1,7,1,92986,2,5,346660
5,2,5,59869,4,9,1156340
4,9,4,64918,2,8,752580
4,9,3,22900,10,6,2396240
4,4,2,57084,10,1,2031500
3,5,3,59264,10,0,2022880
4,3,1,54384,4,2,378180
3,5,0,10137,6,9,1563220
4,8,2,46688,4,5,598280
5,3,5,95212,10,3,2116600
6,5,4,83221,4,4,509900
1,6,1,58814,6,1,746400
3,7,3,49678,10,5,2276520
3,2,2,45990,10,8,2657340
1,2,1,75566,10,3,2099640
6,8,0,41691,4,8,988800
1,6,0,28174,6,1,748100
4,9,1,72567,6,4,906260
1,9,0,60595,4,9,1148800
3,2,3,58816,6,2,778400
5,8,0,66425,4,7,835020
1,6,0,18914,2,5,351580
2,6,0,88041,2,1,105280
2,7,2,60764,2,6,461800
4,7,4,86002,10,0,2028820
1,3,1,67022,2,0,91480
5,6,0,19697,4,0,349160
1,4,1,71914,2,8,732780
1,5,1,46906,2,3,185760
4,2,3,95704,4,4,499080
5,7,3,14824,4,8,1000000
4,5,3,29768,4,0,348220
5,8,4,84872,6,4,912360
5,2,3,82781,2,2,141420
3,9,0,42707,6,4,904180
2,1,1,93176,4,5,579640
3,9,2,48304,4,8,987640
6,7,2,32439,2,8,752660
1,7,1,43400,6,0,739100
2,7,0,35615,4,9,1150120
1,9,0,47061,10,9,2829740
3,6,3,73634,10,2,2063720
3,9,1,27269,10,4,2188840
2,7,2,25926,6,5,996220
4,6,1,527,6,3,1208500
2,1,2,10117,6,7,1239260
3,9,1,73598,6,0,744220
6,7,0,26994,6,7,1239900
5,1,4,62416,6,5,992700
5,8,0,15889,6,7,1244580
4,1,1,80413,4,4,493980
5,5,4,31019,6,5,1001940
2,4,0,89915,4,9,1142220
4,2,4,73436,10,4,2181720
1,3,0,57866,10,7,2499960
2,5,2,1898,4,3,530880
3,8,2,45958,6,8,1386360
6,7,4,84067,10,6,2392880
5,5,1,91862,6,6,1101680
3,8,2,12271,2,6,478300
6,9,1,91953,6,8,1389680
4,1,0,57303,10,9,2823000
1,3,0,35688,6,7,1222100
6,5,6,68209,6,0,754440
2,6,1,71075,10,9,2827820
5,2,2,80683,2,9,909480
5,6,0,76476,6,3,831620
3,7,0,57439,2,2,139980
5,4,3,13682,4,9,1166620
6,1,6,78383,10,0,2028060
2,6,2,23618,6,6,1105460
6,6,0,61040,2,6,464280
4,8,0,29753,6,3,836720
2,8,2,66811,4,8,983000
3,6,1,92128,6,3,829180
4,5,3,26523,4,6,709040
5,6,2,17749,10,6,2394260
1,2,0,9579,2,9,915880
6,7,5,22237,2,8,761500
6,6,0,54361,10,1,2034680
3,5,1,90213,10,9,2827720
6,4,5,59924,10,8,2671340
5,4,1,15400,6,4,910980
5,6,5,44262,4,4,513520
3,7,0,43069,10,5,2271140
6,5,5,88992,4,2,391740
1,6,0,68322,4,9,1143920
5,9,4,56205,6,6,1115060
2,4,2,62670,4,6,697200
2,5,0,90124,4,9,1143720
2,1,1,40130,4,1,342480
6,4,4,54068,2,3,199700
4,8,3,75226,2,5,358660
2,8,1,21377,2,5,357360
5,7,0,27908,4,5,597660
4,2,2,46775,10,2,2059280
4,4,1,18667,2,7,596720
4,4,3,54705,6,6,1103660
1,8,0,82543,2,5,346420
6,5,0,8168,6,8,1403980
5,9,3,19867,4,9,1169560
2,6,1,1252,4,7,984740
3,6,1,17287,6,8,1388560
5,5,5,18356,10,1,2048400
4,9,4,88839,2,6,471760
3,3,2,21904,10,1,2033640
6,7,2,12462,6,1,772540
2,1,0,20601,4,2,375200
1,4,0,75238,2,1,100660
5,8,5,18596,4,4,522760
3,1,1,6587,4,5,609860
3,3,1,9858,6,7,1242780
6,1,2,94884,10,9,2829600
3,2,3,55421,6,3,828600
3,1,3,75818,6,7,1226140
1,1,1,63349,10,8,2648660
4,5,0,20692,2,3,195160
1,6,1,10780,2,5,361560
3,4,3,33276,2,4,264020
1,8,1,97308,4,2,378060
6,9,5,42428,4,9,1170220
3,1,3,73500,4,3,426220
5,1,0,16753,10,0,2023440
4,8,0,44658,6,6,1104480
2,6,2,40019,10,8,2662000
4,9,2,14040,10,8,2679740
1,5,1,75552,4,4,494140
4,9,2,65810,4,6,708540
6,5,1,42088,10,8,2666260
1,4,1,49843,2,9,904020
1,9,1,56792,2,0,101020
2,2,1,62454,4,6,692200
3,2,1,90003,4,5,583220
2,2,0,27768,6,5,984200
5,4,2,27534,2,9,917260
2,1,2,7735,2,2,155360
3,3,2,32762,2,0,100600
6,7,4,20917,10,3,2130060
4,2,4,37617,2,9,914320
1,2,0,10854,10,3,2113420
1,8,0,12173,10,1,2040420
3,7,1,17491,6,6,1109940
2,1,1,77196,4,4,490100
6,1,6,93332,10,1,2037640
3,6,3,82885,10,1,2033420
4,2,2,38748,2,9,910160
2,3,2,39572,10,8,2657560
1,3,0,51183,4,8,970400
2,6,0,22640,10,1,2031840
1,8,0,67459,6,3,826960
1,7,0,53339,4,0,336240
1,8,0,97765,10,9,2826040
6,7,5,98578,10,8,2674520
6,5,4,1064,2,1,305460
6,8,2,19857,6,8,1398080
5,7,0,24593,10,5,2278640
2,2,1,58407,6,0,732420
6,4,4,46135,4,0,350340
2,4,0,9644,6,1,760740
6,6,0,99859,6,1,753000
2,4,0,46508,4,5,584300
6,2,4,11069,6,8,1401060
1,1,0,10170,2,5,353160
6,2,0,66003,2,7,588040
5,9,1,52203,2,6,469340
1,6,0,11139,10,5,2278960
6,4,0,89772,4,2,380220
3,8,1,11057,2,8,758080
5,4,3,93335,6,8,1384140
1,5,0,27146,6,8,1376860
3,3,3,25364,4,1,354380
2,8,2,58262,2,6,463440
1,2,1,17007,4,1,348760
3,3,3,40447,6,2,781440
4,3,1,85852,2,2,136820
4,6,2,71070,4,9,1153820
3,8,2,82772,4,5,594420
4,1,2,94704,2,9,905620
5,9,1,82816,2,6,467920
5,3,0,48664,6,2,778600
2,7,1,94591,6,4,898620
6,9,0,67773,10,3,2118460
2,3,0,69931,10,4,2171360
3,3,0,52008,10,1,2024340
1,3,1,94861,4,2,370600
1,6,0,17282,2,0,102580
4,7,0,67494,2,5,351460
4,8,3,12181,6,2,802420
4,1,0,9709,10,4,2190100
1,9,0,66216,6,5,988520
6,7,6,58267,4,4,517940
6,5,0,95729,6,9,1551580
4,3,1,22716,6,8,1383300
3,9,1,74064,6,2,784200
6,7,1,89555,6,6,1106740
5,8,2,48884,2,1,120100
3,6,0,79128,4,6,697520
4,5,3,7853,2,5,376960
1,8,0,71085,2,4,256820
6,5,5,51211,4,7,843400
6,2,1,93918,6,5,989120
4,4,3,79291,10,5,2272520
4,7,3,70317,2,4,267340
6,9,3,22786,4,5,610280
6,9,5,96420,2,7,607580
5,4,3,80493,10,7,2514480
6,1,6,75734,2,7,598140
6,6,3,34870,2,0,112740
2,6,0,46219,6,4,897320
2,4,2,41131,4,7,828860
5,8,0,65304,6,9,1555060
2,7,0,31787,10,5,2270800
4,7,0,80945,2,4,260980
4,2,4,9777,4,0,359460
1,7,0,42025,6,5,987260
1,2,0,34516,2,7,580800
5,4,1,97283,10,2,2060060
1,3,1,83910,2,8,730880
5,5,4,64713,2,3,198600
6,3,0,78875,2,1,109040
6,5,6,10311,2,5,380900
4,8,3,18250,6,9,1566960
6,4,5,62714,4,1,361180
4,9,4,6148,2,2,182040
6,8,5,32203,10,2,2080220
3,9,2,83355,4,5,595900
1,8,0,31920,4,1,350260
3,3,3,26484,10,2,2064060
4,6,3,85470,2,8,745340
3,2,3,82714,4,0,337420
2,4,2,8595,10,5,2287260
4,1,0,69187,10,1,2022400
2,2,2,49134,4,7,825080
2,6,2,11047,10,7,2525100
3,2,1,80370,10,1,2023480
1,5,0,46785,4,2,373780
4,8,2,48178,10,6,2388160
3,5,0,24372,10,4,2181700
3,7,2,38482,10,1,2035700
5,2,4,78775,6,2,783540
4,8,3,86346,6,7,1238320
3,9,3,82513,2,9,917920
3,2,0,13889,6,4,903400
3,7,0,26310,4,7,834100
5,7,4,18435,10,9,2849340
5,4,1,91825,6,9,1550180
4,2,0,2859,10,9,2890960
4,7,3,34926,4,9,1160220
1,2,1,70416,4,8,969840
3,6,3,79383,10,0,2023520
4,7,4,72212,6,3,839260
1,5,1,50693,6,6,1095440
3,8,1,65687,2,7,593040
6,4,1,80187,10,7,2512500
3,7,1,55263,10,2,2062120
3,3,2,65925,4,1,347540
1,5,1,28731,4,4,498460
2,5,2,74783,10,5,2268180
4,7,0,15142,2,9,921700
5,3,1,68896,6,7,1229400
5,1,4,74954,4,9,1152160
2,6,2,51817,4,8,980860
1,3,0,94107,10,9,2818620
5,4,4,85965,6,9,1556320
2,5,0,35024,10,3,2107220
2,8,1,43453,4,5,592600
3,5,2,19022,2,5,358020
2,5,1,15444,10,2,2066460
3,9,1,12147,6,7,1247960
1,3,0,85687,6,1,738840
6,2,4,50528,4,9,1156960
5,9,4,89601,10,0,2033740
5,7,0,53053,4,2,384260
4,6,0,94485,2,2,139120
5,6,1,5187,10,2,2099560
6,4,5,20029,10,9,2847980
4,2,1,4546,6,7,1267000
5,9,1,78448,6,5,998040
1,8,0,86243,6,8,1376320
3,7,1,29599,6,8,1385260
2,9,2,98252,6,2,783540
6,1,5,77384,10,5,2276080
2,9,1,19424,4,0,349800
6,9,5,75621,10,4,2198140
3,5,0,6456,6,9,1574480
6,8,1,21404,2,9,925340
2,1,1,65891,2,9,900540
1,2,1,54631,6,5,980660
1,2,1,13719,6,3,831580
5,5,5,20629,2,6,477200
4,3,0,59828,10,0,2015840
4,6,1,94049,6,2,781120
4,2,2,97660,4,4,497040
3,2,1,16513,4,5,593120
2,3,0,55907,2,2,132080
5,9,5,85489,4,6,715840
4,6,0,38956,2,0,102140
4,5,2,44530,6,4,904000
5,1,0,5945,4,8,1005140
4,3,3,49458,2,3,192540
3,8,2,78803,10,1,2034540
5,1,4,82250,6,1,751940
5,7,4,80939,4,2,390980
4,7,4,3270,4,6,767660
2,2,0,99636,6,3,819000
1,7,1,20126,2,0,104440
2,4,0,60770,2,2,133300
5,1,2,5671,4,1,380760
2,6,2,45813,4,1,351360
2,6,2,62713,2,9,910180
4,5,3,33454,6,8,1387480
4,6,1,18177,10,0,2030000
4,9,0,90386,10,4,2183720
1,7,1,32740,10,9,2830600
4,9,2,80391,4,5,597980
2,9,2,69617,2,4,264380
4,2,3,14972,10,5,2280360
6,3,5,30060,10,5,2283160
2,5,0,93309,4,4,493640
5,7,0,88954,10,2,2062740
4,7,2,86264,4,3,434820
1,3,0,95501,2,1,98600
3,1,3,68584,6,1,746420
6,4,1,35107,10,4,2185700
6,9,0,13275,4,7,850560
2,8,1,24023,10,0,2026320
2,3,2,53266,6,8,1376260
1,8,0,20390,2,1,113800
3,6,3,53192,4,1,354760
5,4,5,54142,4,6,709700
1,1,1,52418,2,2,129320
6,2,1,4535,4,0,381100
4,2,1,11769,6,7,1240000
2,7,0,99566,10,3,2106500
5,2,5,22538,6,8,1391880
3,5,1,14493,10,1,2039300
1,3,0,41150,6,5,981360
5,1,0,53773,2,1,105220
1,9,1,29334,2,9,914320
5,5,5,80809,2,9,919980
1,4,0,96180,4,1,340080
3,3,3,42335,10,4,2181220
5,7,5,3081,10,6,2455420
1,2,1,70420,4,9,1139840
2,3,1,68047,6,6,1093440
2,3,0,63278,10,1,2021660
6,6,1,11506,10,9,2850380
3,8,2,18941,2,2,152560
1,3,0,32470,10,1,2022660
3,3,3,85244,2,6,458840
5,3,3,37833,6,3,835780
5,6,2,9811,4,7,853380
1,8,1,67643,10,7,2508960
6,4,3,5358,4,1,391320
3,4,0,16789,4,8,983920
4,8,2,49867,10,1,2038020
2,4,0,21441,10,3,2109320
2,1,1,37192,2,2,132880
1,1,1,61517,2,3,178760
3,9,1,37757,2,2,146800
5,8,4,34425,10,8,2675800
2,9,1,26531,10,2,2067040
5,5,4,85797,4,9,1157840
2,4,2,24139,4,8,982280
6,5,1,62271,6,2,784720
2,8,1,53564,10,7,2511740
5,2,1,11578,10,7,2522280
5,9,4,19649,4,2,401680
6,9,4,85485,4,9,1165840
1,6,1,96885,4,5,585060
3,3,2,17096,4,4,506200
1,7,0,48885,4,0,336600
6,9,4,89690,6,9,1565720
3,1,2,61952,10,5,2264720
3,1,3,89185,10,0,2015740
5,2,4,11085,2,4,279040
1,9,1,25521,4,6,705340
3,7,2,4350,4,9,1196480
5,9,5,52516,6,8,1397300
3,6,0,83520,6,5,987400
5,2,3,53064,6,9,1552760
4,5,2,14327,4,8,993460
2,4,2,88267,10,4,2176260
5,1,1,28186,2,8,740600
5,3,4,31364,6,1,758880
5,5,1,54824,4,4,503140
2,1,0,93641,6,2,767640
3,2,2,75508,4,3,425640
5,2,2,91179,2,4,259200
4,6,3,52273,2,4,266820
6,1,4,39074,6,4,906620
3,6,1,89559,6,4,899240
4,9,1,9341,6,3,854920
1,7,0,62240,4,6,695720
4,2,4,59992,4,1,352340
4,6,1,55594,6,0,742600
4,5,3,66202,2,5,354520
6,2,1,1784,2,9,1019100
6,7,5,11708,2,7,619580
3,2,3,36609,4,1,350460
6,2,2,69173,6,2,781900
4,4,3,71386,2,0,102800
3,8,0,12699,4,5,603740
6,7,2,9107,4,2,408460
1,3,1,9076,2,3,200540
4,4,2,66781,2,5,351000
1,2,1,23496,2,6,455520
2,1,1,9063,4,0,349560
2,6,1,68855,2,0,97900
6,9,1,36792,6,9,1562940
3,3,3,83937,10,5,2268880
2,9,0,19779,2,7,597620
5,5,4,87026,4,0,347800
1,3,0,27417,6,8,1373800
3,8,1,90502,2,9,912200
5,9,0,29731,10,4,2190220
3,7,1,36501,4,5,593980
2,8,2,65300,4,5,593060
4,4,2,44845,6,5,992460
2,4,0,11327,2,3,197660
3,5,0,29649,6,8,1380240
6,1,6,51566,6,7,1239380
3,9,3,11467,10,5,2292940
5,8,5,83462,10,5,2284400
6,1,4,41947,10,2,2066260
1,2,0,3472,10,3,2152600
3,8,3,33840,4,4,509920
5,4,5,67823,6,6,1108940
2,9,1,99627,10,0,2021500
3,8,1,35090,6,9,1555700
2,3,0,50866,4,0,332440
5,7,5,31457,4,2,396860
4,6,1,21789,10,4,2188180
5,2,1,7857,6,0,760460
3,2,2,87848,10,8,2655280
4,4,4,63201,4,9,1155160
2,1,2,18576,10,5,2270260
4,8,1,2067,10,3,2208760
3,7,0,44150,4,6,701040
2,9,1,5581,6,2,815340
2,9,1,65533,4,5,592560
4,2,0,2017,4,6,790160
6,2,0,46565,2,8,739300
4,4,3,78282,6,2,782560
6,2,0,87570,6,2,777280
3,7,0,40268,6,0,741460
1,6,0,55981,4,8,974580
6,8,4,47603,10,4,2196200
5,3,3,69696,10,1,2033360
6,2,2,50207,10,5,2272980
2,3,1,39249,4,0,335600
5,1,0,59105,6,0,734880
4,4,1,10676,10,3,2124740
6,4,1,60122,10,6,2383320
3,8,0,50005,4,3,432000
2,8,1,31918,6,0,744260
5,6,5,53284,2,9,922760
6,2,6,24297,4,0,355240
4,6,0,97951,4,9,1149040
4,4,0,75301,2,9,906660
3,8,1,69735,10,7,2512860
4,7,4,60654,10,3,2119800
4,3,1,19178,4,4,504920
3,7,2,47302,4,0,344720
2,2,1,71992,2,6,451780
3,5,3,78691,10,7,2512040
2,8,1,20827,6,1,757600
5,9,1,543,4,5,963820
4,3,1,54364,4,0,338180
2,8,0,4726,2,0,138320
3,3,3,7243,4,2,404120
4,8,3,25244,2,5,363920
5,5,4,55073,10,5,2279140
1,3,0,60881,2,3,179780
3,4,1,93962,10,8,2656120
4,3,1,33371,4,3,430500
2,2,0,60257,4,4,490320
1,8,0,50259,10,9,2827980
1,4,0,37436,2,9,903340
6,9,6,86525,6,9,1569820
2,5,0,42855,4,8,976160
3,8,2,71444,4,0,344800
4,1,4,60998,4,2,380780
3,3,1,4346,4,2,418520
1,1,1,69527,6,8,1368380
5,8,1,54364,2,7,597680
2,9,1,29086,6,7,1236380
4,3,2,59819,10,3,2109840
1,7,1,92290,6,2,776660
6,9,2,69491,10,6,2392380
4,9,0,92604,2,8,743660
1,3,1,42418,10,6,2373220
3,9,1,69984,4,8,984360
5,1,3,26247,4,2,385120
5,8,1,85478,4,1,356340
6,5,1,7634,2,1,137700
1,6,1,48755,6,6,1097100
4,3,1,65625,4,6,697540
5,7,3,32678,10,3,2122620
5,7,2,62091,4,5,597720
2,2,1,24797,6,9,1547060
4,2,4,89897,2,3,191220
3,7,3,1096,10,2,2244980
3,9,2,83264,10,6,2385900
4,6,0,80702,6,1,749480
3,3,1,86038,10,5,2264820
3,3,0,32253,4,8,976700
5,6,4,660,4,2,690040
3,2,0,82059,6,9,1541440
6,9,0,26625,6,1,763020
6,4,6,12928,6,0,765480
6,1,6,68729,4,8,988400
2,2,2,91883,2,9,903180
2,3,2,51871,10,9,2826360
4,5,1,60412,10,7,2510820
3,4,1,81919,10,0,2016440
5,4,1,57520,10,1,2031480
3,3,3,53112,2,2,140260
1,3,1,83254,10,7,2500900
4,4,2,68255,2,9,910940
3,8,2,8735,10,6,2404900
6,8,0,35848,4,7,839580
3,6,1,52838,6,0,740780
6,6,6,55604,2,8,756600
4,6,3,90639,6,2,785200
2,9,1,26938,6,3,836920
3,2,2,71061,10,2,2055820
6,1,2,9653,2,4,278220
4,8,2,62110,6,0,747220
2,2,1,95602,10,0,2011100
3,9,1,68737,6,8,1384400
5,4,1,22842,4,8,986760
5,3,0,77210,2,8,737100
2,4,1,1510,4,8,1104460
5,6,3,62644,10,7,2518200
6,8,3,18910,2,8,760580
1,2,1,65911,2,1,100040
2,9,1,52918,6,5,993280
1,8,1,98085,10,8,2658040
4,9,1,82732,2,6,465920
4,1,4,81768,6,1,749940
6,3,1,74746,4,9,1151180
2,9,2,27340,10,1,2038820
1,2,1,66825,4,6,690000
3,2,3,4515,4,9,1189300
1,5,0,10385,10,1,2038760
3,4,1,40025,10,8,2659000
1,7,1,47096,4,8,978740
2,9,2,95941,4,3,433580
1,8,0,28150,10,3,2111100
3,2,0,32629,10,0,2015120
6,6,3,63100,2,8,750160
6,8,2,62477,10,4,2191200
3,4,3,85022,4,8,980360
3,5,2,66826,10,0,2020500
1,5,0,45076,6,5,983940
4,1,1,99875,6,5,983500
1,4,1,28294,10,1,2027060
3,1,3,14574,6,2,787220
6,6,3,8586,4,7,860300
4,8,2,10742,2,8,762620
2,2,2,44193,10,2,2055520
2,4,1,23215,2,3,190620
6,1,1,43719,6,9,1550080
6,3,3,65907,6,7,1235540
4,6,4,95844,6,2,787080
1,7,1,53703,4,4,498220
5,7,2,29005,2,7,601400
5,1,5,69724,10,6,2384360
3,7,1,90860,10,6,2380700
1,3,1,75470,6,3,821160
3,2,2,6899,4,8,1001980
3,4,2,90452,10,3,2108220
4,7,4,49543,2,0,110540
1,6,1,23720,6,4,901440
6,9,4,70701,4,4,516320
5,7,4,71585,10,4,2191300
6,1,0,24129,6,9,1551780
4,6,4,5776,4,5,629620
1,7,0,66399,10,8,2655520
3,6,3,89153,4,2,383240
1,9,0,54409,4,4,499180
6,1,1,44479,10,4,2180000
1,8,1,52311,10,1,2029820
4,4,3,58150,2,3,193440
4,2,3,32797,10,1,2033100
2,8,2,89834,6,3,832220
4,7,3,79292,10,2,2067020
4,4,0,56451,6,0,737540
3,9,0,84619,2,8,741860
6,7,6,51523,10,4,2198380
4,8,1,85376,4,4,504340
2,9,0,75553,10,7,2510140
2,8,1,56857,6,8,1381520
4,4,4,8085,6,2,806740
1,4,1,20757,4,8,979640
5,1,1,90158,6,2,775720
2,2,1,90162,4,1,341220
5,2,4,36293,10,7,2516520
5,2,2,63121,4,3,430160
2,6,0,51855,10,8,2656860
2,7,1,29574,10,4,2183260
4,1,4,62483,10,7,2510700
5,7,0,49230,10,4,2184560
3,3,1,7707,6,7,1248460
4,7,0,5211,2,6,496880
2,8,1,61940,2,5,351220
1,4,0,82128,6,7,1220440
2,5,1,45279,10,1,2027920
2,4,2,12529,4,3,439960
5,3,1,20813,10,9,2836100
2,8,1,42020,10,2,2062760
6,1,5,69797,2,0,106360
4,3,2,76387,4,1,349120
6,3,3,26491,4,2,390040
1,9,1,44541,2,4,262000
1,7,0,7579,4,2,398880
2,7,1,62298,4,3,429720
4,8,1,8774,10,5,2294800
5,9,5,13939,6,5,1017840
2,4,0,5836,6,4,924280
1,6,1,83196,2,7,585400
3,5,0,32666,6,7,1229620
2,8,0,41560,10,3,2110820
1,2,1,64293,2,3,180120
4,8,2,62521,10,7,2517200
3,2,2,74389,2,8,735680
3,9,3,34380,10,9,2841320
6,9,3,42071,6,8,1396260
6,1,1,78641,10,4,2178040
1,8,0,81881,10,7,2506440
5,6,3,3485,2,3,252380
3,1,0,33752,10,1,2023420
3,8,1,13451,6,7,1244860
1,1,0,66350,2,6,446520
2,4,0,71615,10,3,2102800
6,9,3,39407,4,8,996580
1,8,0,61085,4,7,827280
2,7,2,6552,6,2,809020
1,8,1,18725,2,5,356680
1,2,1,13920,6,0,741360
4,1,3,80795,10,0,2017980
6,1,3,4812,10,0,2061060
5,9,0,35805,2,8,749080
4,9,1,31590,10,4,2189840
5,6,3,34997,4,1,360720
5,2,4,32400,6,7,1237180
3,8,0,45567,2,0,102380
3,5,1,52418,10,1,2029320
6,7,5,65427,2,3,205560
4,5,1,22638,4,0,346340
4,1,1,77083,6,5,984100
5,7,5,89065,10,6,2392740
3,2,0,2705,4,4,562940
3,6,3,28392,2,5,358040
1,9,1,40307,4,7,832460
4,4,0,13542,2,6,468760
1,4,1,65277,6,4,893060
5,7,5,72484,4,7,843260
6,5,3,13848,6,9,1569940
4,8,0,94472,4,0,342120
2,9,1,15882,6,4,912100
4,5,4,87533,10,9,2835780
1,8,1,32641,6,0,742120
2,4,2,59902,10,3,2107340
6,3,3,627,10,5,2591480
2,7,1,57778,2,2,139960
1,9,0,17520,4,1,356920
1,2,1,50459,2,4,250960
4,3,3,55377,4,4,502120
4,6,3,16042,4,1,365460
2,2,0,83905,6,9,1539380
3,7,2,24373,6,0,748700
5,8,1,74005,4,5,596700
6,8,3,47868,6,9,1564180
3,6,0,91530,2,7,587180
5,6,1,82937,10,7,2513420
6,5,0,75948,10,9,2832140
4,6,0,70521,2,2,139840
5,2,2,87300,6,7,1229300
1,1,0,73514,6,2,766220
6,3,6,47114,2,9,922740
1,2,0,23004,2,3,183700
1,7,0,45969,4,2,376860
1,2,0,50959,4,5,578920
6,8,5,31545,4,7,850340
3,4,0,93461,4,2,374140
5,6,3,56929,2,4,268520
6,3,0,42165,2,9,911240
4,8,1,26828,6,0,749460
1,7,1,45513,10,5,2268900
6,2,5,52411,6,3,838820
4,3,4,20350,2,9,920320
5,5,5,14994,2,1,130840
4,8,2,54576,2,1,117660
1,7,1,18482,6,6,1105320
1,7,1,11772,4,6,711480
1,8,1,93486,2,7,588140
2,8,2,88322,2,7,592260
3,9,0,76187,10,5,2272120
1,6,0,29222,6,6,1097840
5,1,3,82829,4,0,339920
2,6,1,3606,2,2,190460
3,7,2,49547,6,1,754540
2,9,0,88810,6,8,1379760
3,4,2,26949,6,1,753420
1,7,0,36325,10,7,2508000
3,6,1,23224,4,8,985620
4,8,1,25940,4,9,1159720
2,8,1,40366,2,4,262960
6,1,5,24758,6,4,911580
3,1,0,98010,6,0,729540
5,9,3,22167,2,1,128520
1,7,0,82737,2,1,104920
3,1,3,2908,2,1,172280
2,2,2,80588,2,8,733480
4,5,3,55848,10,2,2065080
6,6,1,63677,2,3,196140
4,8,1,70526,4,7,834840
5,6,0,16267,6,6,1111300
1,6,1,81734,10,6,2375440
3,9,1,63226,6,3,834660
2,3,1,12224,6,1,756860
4,1,0,66425,10,2,2052520
2,6,2,36996,10,6,2382400
6,8,4,93612,6,0,754140
5,6,3,94086,2,2,147120
4,6,0,63031,6,6,1100180
1,9,0,81473,6,1,747960
3,7,1,62856,2,2,141680
4,7,1,68645,10,6,2383420
6,2,3,47893,4,7,835180
4,3,3,19650,10,3,2118680
5,3,3,29121,2,2,147360
6,2,6,2546,10,1,2115560
3,7,3,40097,2,0,107480
2,9,1,29413,6,7,1236300
6,4,5,68747,6,1,760900
2,7,0,60660,4,8,977800
4,9,0,62008,6,3,834720
4,6,4,46109,4,7,839340
4,8,2,95625,4,7,836100
2,9,1,60341,2,2,142820
6,2,1,24024,6,2,785320
6,3,4,40376,10,3,2119460
6,6,6,55569,6,1,766600
2,2,0,94003,6,2,769120
2,7,0,28065,4,1,351620
1,1,1,51130,2,4,249420
2,3,0,54415,6,5,982180
2,9,2,71176,2,9,914300
5,2,1,33644,4,6,700940
6,5,6,53394,10,9,2845240
5,8,5,98925,10,5,2284020
1,4,1,84855,4,0,332360
1,6,0,11915,2,1,117780
1,2,0,21367,10,5,2264360
3,7,1,83904,6,1,750880
6,7,1,91490,4,1,356680
6,6,1,31626,6,8,1389320
4,3,0,66293,2,2,135520
5,2,0,51966,4,8,976840
2,2,2,81984,4,7,823440
4,4,4,63455,10,9,2835160
1,7,1,42662,4,9,1149180
3,9,1,87653,4,3,433780
1,5,1,65286,6,8,1374560
4,2,2,27339,4,4,502320
1,3,1,1314,6,4,1040700
1,6,0,74668,4,1,343680
1,5,1,60289,4,9,1144820
5,3,0,96180,4,3,426580
3,6,1,55719,2,0,100580
5,4,3,10412,6,1,771200
6,4,1,42704,6,1,754680
3,6,2,17477,4,6,710440
4,4,2,46075,10,8,2662340
6,8,1,65795,6,6,1109040
5,8,1,78025,6,9,1556560
2,2,2,84173,6,4,893380
2,6,2,18557,2,2,147780
5,8,3,56045,10,7,2521560
6,3,5,67661,4,3,439460
6,1,3,40232,10,2,2064480
2,7,0,77657,10,7,2507080
1,4,0,99365,4,9,1140020
3,2,0,84061,4,8,971380
3,9,2,3772,6,8,1436520
5,9,3,78230,2,5,362060
5,6,1,74099,4,4,503700
2,5,0,66733,2,5,344500
1,2,1,73259,4,2,369740
6,3,2,60699,2,3,193800
6,9,5,30563,10,5,2292040
3,7,0,8357,4,8,1000440
3,2,2,3079,6,7,1287960
2,6,0,7082,4,9,1171240
1,7,1,40650,4,2,379420
5,9,4,98105,2,3,203540
4,9,3,36595,2,3,202960
6,8,6,73357,2,4,278720
2,9,2,60005,6,8,1384840
4,5,2,46641,4,6,703780
1,1,0,8192,2,0,107920
3,5,1,53756,10,0,2019220
5,2,1,63254,2,9,908160
3,8,3,7273,2,8,771500
1,7,1,1429,10,0,2154460
3,8,3,88570,4,8,986260
6,3,2,56072,2,4,264060
3,3,3,25713,10,4,2184280
5,9,5,95259,4,6,715600
1,5,0,3159,4,3,482820
4,4,4,32309,4,8,988200
5,6,0,17776,2,8,750260
6,1,4,39178,4,0,346600
4,8,0,26674,10,5,2277500
2,8,1,38877,2,7,593140
3,6,1,44386,2,3,191500
4,6,0,40562,10,3,2111940
5,6,0,34022,10,9,2834880
6,6,2,90888,10,3,2117200
1,2,1,73937,6,5,979700
2,6,2,51166,2,3,190900
3,7,2,68345,10,1,2033420
2,4,2,11962,10,7,2520720
2,7,0,91828,4,0,336680
1,4,0,30045,6,8,1374660
3,8,0,12365,4,1,364180
2,2,2,29199,4,8,977840
1,7,0,59440,6,0,735860
1,4,1,83465,10,6,2372400
5,2,5,35997,6,4,908560
5,3,5,52288,2,4,268320
1,3,0,85088,2,8,728860
4,7,1,60896,6,6,1103780
4,5,0,44771,6,3,829960
4,6,3,88032,4,4,505280
2,4,1,33337,2,7,588000
3,9,3,41387,6,9,1560340
5,9,3,27684,10,9,2846720
5,5,3,49481,4,1,357540
6,4,4,26346,10,0,2033600
2,4,0,58097,2,5,343440
6,1,3,4710,2,0,141960
5,5,1,77781,10,5,2272080
2,8,2,92376,2,2,142160
4,7,2,38326,2,3,197720
6,6,6,74028,6,6,1115700
6,3,3,67561,6,4,905460
1,5,0,12963,2,3,194920
4,5,0,14597,10,0,2029200
2,3,2,92337,6,8,1374660
3,6,0,92954,6,0,737160
1,4,1,77063,2,9,902600
5,9,4,93874,6,8,1393640
3,5,2,48897,2,8,741600
6,4,3,49377,2,8,748060
5,7,0,9502,10,8,2681540
5,2,1,4761,4,4,537000
5,9,0,63945,4,3,436620
1,4,0,62108,2,2,131220
1,3,0,82956,2,9,898920
5,2,0,42069,4,5,587760
4,7,1,60504,10,8,2663800
3,8,3,87819,2,1,116280
5,7,0,81261,6,0,742960
4,1,2,4693,4,7,866120
6,6,2,73042,4,8,987740
5,5,2,27908,2,8,748660
6,7,2,36505,6,1,761980
6,3,5,14202,6,3,850580
4,4,2,52540,6,3,831800
4,7,2,77555,4,9,1155080
3,3,3,9240,4,8,998140
3,5,2,72659,6,3,830260
3,6,3,15524,2,6,473880
4,4,3,58849,4,1,353400
4,9,4,66704,4,1,362500
5,3,4,60146,2,7,595820
3,2,1,7560,6,9,1567460
4,1,1,71395,2,6,454300
2,2,0,14468,10,3,2110820
1,5,0,68705,10,5,2262420
5,8,3,93008,2,2,150160
5,4,2,84507,2,5,352360
1,6,0,59288,4,2,374380
4,2,1,11670,4,3,440140
6,6,6,73244,10,7,2525740
6,8,6,86672,10,7,2528300
2,6,0,42425,10,2,2057720
2,7,0,52465,10,0,2018320
6,1,1,13609,6,1,760200
3,2,3,11162,4,0,352920
4,1,3,97507,4,4,497560
6,3,6,11286,2,5,376220
1,5,1,78705,4,4,494040
4,9,3,56114,2,9,921060
3,7,0,89815,10,3,2108720
2,6,1,72847,10,5,2267740
2,6,0,31906,6,7,1229260
4,5,0,81447,10,6,2377960
2,2,1,74519,10,4,2171680
4,2,2,734,10,3,2377480
2,7,1,92289,6,7,1228660
4,3,2,1734,6,7,1341840
4,6,4,35949,10,5,2280560
3,6,1,65003,6,6,1100080
2,1,1,36647,4,7,822960
2,3,2,67299,4,6,695480
1,6,0,19836,4,0,341080
1,9,1,13698,2,4,272100
6,4,3,50657,6,7,1237940
4,4,0,57903,4,9,1147460
3,7,3,94256,2,0,104620
3,8,3,6217,2,3,226160
3,6,2,4771,2,7,630920
6,1,1,81718,6,6,1097940
4,1,3,77560,6,0,738080
4,4,0,35819,10,1,2029580
3,2,0,65779,4,0,332040
5,6,2,34500,6,0,748800
3,7,0,29050,2,6,463380
5,2,2,20687,4,4,506660
2,1,2,80197,2,0,92000
4,2,2,51489,6,5,988880
4,3,3,11096,2,4,276520
4,5,2,96446,6,1,751580
3,3,3,81620,2,5,348960
6,7,5,35503,6,3,848140
5,4,2,41209,10,3,2114860
6,3,2,80108,6,1,753000
2,1,0,32610,4,2,371640
1,7,1,18600,10,4,2185260
5,5,0,74295,4,5,590200
4,1,2,20361,4,3,433320
1,9,1,16508,2,3,199620
6,9,6,14907,2,3,220920
6,8,3,5573,4,4,545880
4,3,1,40140,2,5,349480
2,2,1,84135,4,2,371380
2,7,1,21509,10,8,2665800
5,7,5,88119,10,5,2282760
2,9,2,17584,4,7,842880
5,8,1,18378,4,6,714880
4,4,3,12161,4,5,606440
2,3,2,44833,4,8,976960
4,2,1,96817,6,1,745060
3,5,2,21809,10,5,2276680
5,5,1,76489,10,2,2062120
4,5,2,94850,4,5,591600
4,2,3,8581,2,5,370300
2,2,1,81206,10,0,2011460
3,1,3,23146,2,1,112140
1,1,1,44172,6,3,820020
6,6,5,27714,10,8,2678220
6,5,4,5439,6,8,1424280
5,6,2,93558,6,2,785140
1,4,0,90824,4,4,490200
6,2,5,96773,2,6,467060
3,9,3,33474,2,5,361480
6,1,6,79430,6,7,1238020
5,9,5,13506,2,5,378300
3,3,2,82864,6,0,736920
5,3,1,50934,6,2,780420
5,2,0,65888,4,7,826040
2,2,0,21594,4,9,1146260
4,1,1,19731,4,7,831640
1,4,1,2764,4,9,1212360
3,2,0,57189,10,9,2822500
2,2,2,55713,6,9,1544580
5,6,1,62662,10,6,2384200
4,3,1,45219,2,5,348920
6,5,3,37260,6,2,790860
6,7,4,36483,4,3,445980
5,2,2,95559,2,7,589100
1,2,1,89215,4,9,1139240
3,6,0,52438,2,4,258820
4,3,2,99848,6,7,1228500
2,4,1,82396,6,2,774420
4,3,4,98201,6,0,742540
2,9,1,75250,10,1,2032160
5,2,2,30241,10,8,2663620
4,2,3,93592,4,7,829140
1,5,1,56887,4,2,375020
5,8,1,47234,6,9,1558240
5,5,1,90992,10,9,2831700
3,2,1,81224,10,0,2013460
1,5,1,89678,4,9,1143740
5,4,1,51450,6,8,1381880
6,4,5,90066,2,1,120220
5,6,3,33224,2,2,151020
5,6,1,58668,4,2,384400
5,2,2,8188,4,7,851420
4,9,0,97005,6,7,1233560
5,1,3,67560,2,2,140460
5,6,4,53720,6,7,1240720
1,4,1,97410,10,4,2172060
3,9,0,46755,10,8,2663780
2,7,0,39360,10,0,2019580
3,2,0,37256,6,4,894360
1,7,1,13196,10,5,2279660
5,8,2,91582,4,3,438180
3,9,2,79669,6,4,906020
3,5,0,3026,4,4,559600
6,3,1,71000,4,6,701320
4,8,1,79179,10,1,2034520
5,1,0,20438,4,9,1151280
2,5,1,45227,4,4,497920
2,6,2,53123,2,7,590760
1,2,0,35778,10,3,2100600
1,3,0,13252,4,1,351600
1,7,1,31481,2,6,460860
3,1,2,58728,4,8,974900
3,4,0,16901,6,0,743840
3,9,1,86481,2,3,193820
4,7,3,44031,4,8,989040
5,5,2,99809,6,8,1383500
3,2,2,11570,10,2,2070280
2,5,2,58832,4,4,498900
3,8,0,73762,2,3,190720
5,3,2,61368,10,6,2381760
2,4,1,27969,2,8,739160
4,2,1,42334,10,6,2377720
6,1,4,26623,2,1,119020
5,7,5,45744,10,9,2844880
1,6,0,21175,2,7,590440
6,4,0,39972,10,4,2183000
5,6,1,62663,2,0,104200
